"title","artist","bpm","bsc_level","adv_level","ext_level","bsc_note","adv_note","ext_note"
"Evans","DJ YOSHITAKA","185","6","8","10.6","414","491","805"
"天国と地獄","Mutsuhiko Izumi","195","3","8","9.4","282","482","623"
"凛として咲く花の如く","紅色リトマス","163","4","6","9.1","331","532","772"
"ウィリアム・テル序曲","W.T.Orchestra","120-190","3","7","8","223","422","639"
"情熱大陸","(葉加瀬太郎)","128","2","7","9.4","188","415","721"
"空色デイズ","(中川翔子)","174","3","6","8","206","332","515"
"星に願いを","flumpool","137","2","4","7","118","251","395"
"HOT LIMIT","(HIGH and MIGHTY COLOR)","139","5","6","8","262","432","574"
"R.P.G.～Rockin' Playing Game","SuG","205","4","7","9.5","318","543","869"
"I'm so Happy","Ryu☆","181","4","8","10.2","265","529","806"
"only my railgun","fripSide","143","3","6","8","219","392","558"
"元気でやってるのかい?","イルリメ","165","3","8","9.8","266","678","855"
"じょいふる","(いきものがかり)","159","1","6","8","147","395","564"
"白鳥の湖","Swan Lake Orchestra","180-300","4","7","9.7","350","469","666"
"FLOWER","DJ YOSHITAKA","173","6","9.7","10.5","477","828","939"
"LISTEN TO THE STEREO!!","GOING UNDER GROUND","182","3","6","8","212","452","664"
"アルストロメリア","TAG","144","5","6","9.5","356","457","764"
"オムライス","オーロラ三人娘","177","2","6","8","204","518","759"
"SWEET CUBE","plazma","140","2","5","9.8","156","333","656"
"トルコ行進曲","T.M. Orchestra","150-199","4","7","10.2","330","528","827"
"僕らの永遠～何度生まれ変わっても、 手を繋ぎたいだけの愛だから～","WEAVER","128","2","5","7","143","342","497"
"Love at First Sight","Fear, and Loathing in Las Vegas","160","3","7","9.7","260","565","677"
"天ノ弱","164 feat. GUMI","200-205","3","5","8","196","398","675"
"いーあるふぁんくらぶ","みきとP","145","2","5","8","187","321","607"
"イブの時代っ！","日向美ビタースイーツ♪","210","4","6","8","297","371","751"
"ETERNAL BLAZE","(水樹奈々)","105-155","1","6","8","133","343","484"
"Elemental Creation","dj TAKA meets DJ YOSHITAKA","212","5","8","10.6","498","715","1023"
"カタルシスの月","日向美ビタースイーツ♪","200","4","6","9.2","318","442","745"
"恋とキングコング","日向美ビタースイーツ♪","158","4","7","8","375","535","685"
"虚空と光明のディスクール","日向美ビタースイーツ♪","140","3","6","7","197","310","569"
"最終回STORY","MY FIRST STORY","215","3","5","8","158","242","432"
"灼熱の翼","マジックアカデミー管弦楽部×劇団レコード","166","3","6","7","175","373","494"
"Show up ! - short ver -","3 Majesty","132","2","5","7","161","325","516"
"セツナトリップ","Last Note. feat. GUMI","145","3","7","9.3","234","457","715"
"CHEAT DANCER - short ver -","X.I.P.","120","2","5","8","147","343","521"
"ちくわパフェだよ☆CKP","日向美ビタースイーツ♪","205","4","7","9.3","291","563","741"
"とってもとっても、ありがとう。","日向美ビタースイーツ♪","92","1","5","6","104","260","419"
"Find your way","J.Speaks","130","2","5","8","214","417","620"
"ホーンテッド★メイドランチ","日向美ビタースイーツ♪","188","3","6","9.4","231","470","822"
"回レ！雪月花","歌組雪月花","160","4","7","9.1","225","422","638"
"めうめうぺったんたん！！","日向美ビタースイーツ♪","185","4","7","9.1","299","673","846"
"Lifetime Journey","J.Speaks","123","2","5","7","128","451","666"
"LANA - Answer Ⅱ -","TOMOSUKE×Jazzin'park","165","2","5","8","146","384","540"
"LANA - Answer I -","TOMOSUKE×Jazzin'park","171","2","6","7","205","419","519"
"LANA - キロクノカケラ -","TOMOSUKE×Jazzin'park","84-168","3","6","7","188","372","493"
"LANA - キロクノカケラ (sasakure.UK Framework Remix) -","TOMOSUKE×Jazzin'park","200","3","6","8","202","453","648"
"LANA - ココロノキオク -","TOMOSUKE×Jazzin'park","84","1","4","5","117","229","353"
"LANA - セカイノハズレ -","TOMOSUKE×Jazzin'park","214","3","5","7","229","307","482"
"LANA - ヒトリノウタ -","TOMOSUKE×Jazzin'park","180","2","5","8","191","320","538"
"凛として咲く花の如く ～ひなビタ♪ edition～","日向美ビタースイーツ♪","162","5","6","9.2","443","558","932"
"ロストワンの号哭","Neru","162","4","7","9.1","336","629","930"
"Ignis Danse","Yuji Masubuchi「太鼓の達人」より","246","5","9.5","10.3","376","719","876"
"Idola","iconoclasm feat.GUMI","201","4","8","10.1","395","636","903"
"VERTeX","Hiro「maimai」より","237","5","8","10.2","419","663","802"
"EXORCISM","SOUND HOLIC feat. Nana Takahashi","190","4","6","8","296","534","709"
"乙女繚乱 舞い咲き誇れ","日向美ビタースイーツ♪","210","4","7","9.1","349","565","784"
"温故知新でいこっ！","日向美ビタースイーツ♪","118","3","6","8","228","444","662"
"Garakuta Doll Play","t+pazolite 「maimai」より","256","5","9.5","10.5","410","713","982"
"きたさいたま2000","LindaAI-CUE（BNGI）「太鼓の達人」より","222","5","9.6","10.6","347","765","873"
"きょうもハレバレ","ふわりP feat.GUMI's","134","3","6","8","184","387","544"
"ケッペキショウ","すこっぷ feat.GUMI","190","5","8","10.0","366","610","814"
"幻想系世界修復少女","Last Note.","193","5","7","8","301","461","644"
"Got more raves？","E.G.G.「グルーヴコースター」より","266","5","7","10.6","380","454","899"
"Thank You Merry Christmas","VENUS","220","3","5","9.5","269","439","747"
"十面相","YM feat. GUMI","173","4","8","9.2","286","582","734"
"Scars of FAUNA","猫叉Master","165","4","7","9.2","288","549","810"
"都会征服Girls☆","日向美ビタースイーツ♪","140","2","5","8","278","430","719"
"走れメロンパン","日向美ビタースイーツ♪","170","3","5","8","206","311","549"
"ハンガリー舞曲 第5番 (jubeat version)","H.D.5 Orchestra","80-200","3","6","9.7","216","383","593"
"バンブーソード・ガール","cosMo@暴走P","208","5","9.1","10.2","342","722","896"
"非公開日誌","みきとP feat.GUMI","190","4","5","8","318","468","694"
"FUJIN Rumble","COSIO（ZUNTATA）「グルーヴコースター」より","192","4","8","10.6","319","605","862"
"滅びに至るエランプシス","日向美ビタースイーツ♪","158","3","6","8","261","482","634"
"MITOれて！いばらきっしゅだ～りん","水戸ご当地アイドル(仮)","173","2","7","8","185","413","621"
"滅亡天使 † にこきゅっぴん","日向美ビタースイーツ♪","200","2","5","9.0}","152","318","617"
"ラクガキスト","cosMo＠暴走P feat.GUMI","199","4","7","10.4","214","533","893"
"LoveLove DokiDoki","水戸ご当地アイドル(仮)","160","3","6","8","306","511","693"
"ルービックキューブ","otetsu feat.GUMI","140","4","6","8","400","488","700"
"朝色の紙飛行機","かめりあ","132","4","7","9.7","208","419","689"
"女言葉の消失","Sota Fujimori","136","4","7","9.5","333","556","844"
"かくしん的☆めたまるふぉ～ぜっ！","土間うまる（CV:田中あいみ）","139-199","3","6","8","158","364","551"
"過食性:アイドル症候群","スズム feat.GUMI＆MAYU","200","5","8","10.0","416","716","900"
"キモチコネクト","東雲心菜 meets 日向美ビタースイーツ♪","150","2","6","9.3","189","387","667"
"激アツ☆マジヤバ☆チアガール","日向美ビタースイーツ♪","170","3","6","8","287","496","643"
"恋をしたい、もう一度","デッドボールP feat.GUMI","145","2","5","9.3","221","418","737"
"最終鬼畜妹フランドール・S","ビートまりお（COOL&CREATE）","200","4","7","9.1","429","621","818"
"漆黒のスペシャルプリンセスサンデー","日向美ビタースイーツ♪","200","3","7","9.0","308","515","817"
"シュガーソングとビターステップ","UNISON SQUARE GARDEN","132","3","6","9.1","272","479","712"
"白い雪のプリンセスは","のぼる↑","200","4","6","9.1","282","468","729"
"水月鏡花のコノテーション","日向美ビタースイーツ♪","185","3","6","9.3","310","463","725"
"Scarlet Moon","REDALiCE feat. Ayumi Nomiya","180","3","7","8","250","465","650"
"STATIC","164 feat.GUMI","255","3","8","9.7","204","577","665"
"Struggle","Masayoshi Minoshima(ALR)","180","5","7","9.4","544","637","823"
"地方創生☆チクワクティクス","日向美ビタースイーツ♪","170","3","5","9.5","253","430","703"
"チョコレートスマイル","日向美ビタースイーツ♪ & ここなつ","196","5","8","9.3","407","611","780"
"チルノのパーフェクトさんすう教室","ARM(IOSYS)","175","3","6","9.4","312","550","837"
"ツーマンライブ","東雲夏陽 meets 日向美ビタースイーツ♪","174","3","6","8","208","427","694"
"取り残された美術(Arranged:HiZuMi)","幽閉サテライト feat. senya","160","3","6","9.1","303","467","693"
"ナイト・オブ・ナイツ","ビートまりお（COOL&CREATE）","180","4","7","10.2","292","555","928"
"NEON WORLD","SOUND HOLIC feat. Nana Takahashi","154-164","4","7","9.7","383","644","968"
"neko*neko","日向美ビタースイーツ♪","123","3","6","7","264","360","501"
"Bad Apple!! feat. nomico","Masayoshi Minoshima","138","2","4","8","194","336","666"
"はなまるぴっぴはよいこだけ","A応P","172","3","6","9.0","235","396","605"
"BEAT-NEW-WORLD","ビートまりお（COOL&CREATE）","190","5","8","10.5","399","721","940"
"フラッター現象の顛末と単一指向性の感情論","日向美ビタースイーツ♪","206","4","6","9.5","263","425","690"
"MAGICAL SUMMER SMILE","wac feat. VENUS","195","2","7","8","163","481","675"
"M.A.Y.U.","Ryu☆ feat.MAYU","128","3","5","8","232","347","544"
"魔理沙は大変なものを盗んでいきました","ARM＋夕野ヨシミ (IOSYS) feat. 藤咲かりん","170","3","6","9.5","303","548","785"
"ミライプリズム(collaboration ver.)","ここなつ meets 日向美ビタースイーツ♪","140","5","7","8","358","496","628"
"エイリアンエイリアン","ナユタン星人","152","3","6","9.0","216","538","778"
"Angelic Jelly","t+pazolite","200","4","9.2","10.2","425","658","780"
"Endless, Sleepless Night","samfree feat.(V)・∀・(V)かにぱん。","165","3","6","9.3","234","558","848"
"お嫁にしなさいっ！","ARM+夕野ヨシミ (IOSYS)","180","3","7","9.0","229","413","552"
"眼光","猫大樹","165","3","6","7","308","500","687"
"キミヱゴサーチ","ここなつ","120","2","6","8","204","456","630"
"きゅん×きゅんばっきゅん☆LOVE","松下feat.Sota & wac","165","3","6","8","212","444","667"
"響縁","豚乙女","180","2","7","9.3","234","426","742"
"Good bye, Summer～さよならは言わない～","私立BEMANI学園軽音部 OB","165","3","7","8","202","397","642"
"倉野川音頭","日向美ビタースイーツ♪＆ひなちくん","113","1","4","7","124","336","512"
"黒髪乱れし修羅となりて～凛edition～","日向美ビタースイーツ♪","150","2","6","9.5","203","516","828"
"厳冬記","猫大樹","150","4","8","10.4","332","653","745"
"琥珀のくちづけ","日向美ビタースイーツ♪＆日向美ブルームーン","173","1","5","8","154","411","577"
"今夜はパジャマパーティ","日向美ビタースイーツ♪","148","3","6","8","205","405","548"
"Silent Story","発熱巫女～ず","126","2","6","7","175","377","563"
"じもとっこスイーツ♪","ホララ・ホリック with 日向美ビタースイーツ♪","108","2","6","8","155","352","522"
"JACK THE RIPPER feat. Iceon","猫大樹","145","2","6","10.3","130","408","810"
"Scream out!","A-One","166","2","6","9.5","219","484","812"
"Struggle[2]","Masayoshi Minoshima(ALR)","180","2","6","8","198","372","615"
"そこはかとなくロマンセ","日向美ビタースイーツ♪","140","2","6","8","172","339","503"
"蒼空に舞え、墨染の桜","Silver Forest feat. さゆり","150","3","6","9.0","265","438","743"
"月に叢雲華に風","幽閉サテライト feat. senya","160","3","7","9.0","276","414","617"
"Ding Dong Bell","A応P","157","3","6","7","259","354","583"
"DesireDrive","岸田教団＆THE明星ロケッツ","184","4","6","8","310","533","790"
"ドーナツホール","ハチ","252","4","5","8","223","479","704"
"nostos","Setaria Virtuoso","86-144","4","6","9.6","226","515","700"
"ハッピーシンセサイザ","Easy Pop","127","4","7","9.2","271","566","822"
"paranoia","つなまる","150","3","6","8","172","414","563"
"反撃","猫大樹","145","3","5","9.0","192","456","784"
"パンダヒーロー","ハチ","190","4","6","9.0","249","490","826"
"放課後ストライド","Last Note.","225","2","5","9.0","162","445","746"
"僕は空気が嫁ない","cosMo@暴走P","192","4","8","9.4","302","659","845"
"ポメグラネイト","ここなつ","130","3","6","8","222","445","668"
"Bonjour, The World!!","中島由貴 feat. dj TAKA with S-C-U meets Akhuta","158","3","7","9.0","273","507","708"
"マトリョシカ","ハチ","205-296","3","5","9.0","147","294","588"
"ミライプリズム","ここなつ","140","2","5","8","162","433","658"
"Runway Drive","舞花","160","3","6","8","182","353","495"
"炉心融解","iroha","165","2","5","8","154","334","608"
"ロンロンへ　ライライライ！","ここなつ","156","3","6","9.0","300","498","727"
"Initial song","40mP","90","1","3","6","73","158","295"
"快晴","Orangestar","172","3","6","9.2","169","404","701"
"Claidheamh Soluis-光の剣- feat.はるの","猫大樹","160","3","6","9.1","309","502","806"
"君氏危うくも近うよれ","A応P","162","3","6","8","162","381","581"
"現世の彼方","猫大樹","176","3","5","10.4","199","344","773"
"恋時雨","ときめきアイドル project","185","3","6","9.3","168","306","577"
"恋のパズルマジック","ときめきアイドル project Rhythmixxx","140","2","5","8","147","329","591"
"しゃかりきリレーション","ときめきアイドル project 結城秋葉","167","3","5","7","244","405","469"
"シャルル","バルーン","145","2","5","8","156","339","635"
"Strawberry Chu♡Chu♡","ときめきアイドル project クッキーパラダイス","137","4","6","8","304","535","719"
"Spring Rouge","izna","125","2","6","8","133","357","546"
"千本桜","黒うさP","154","3","7","9.0","225","449","678"
"闘え! ダダンダーン V","ときめきアイドル project","176","2","6","8","170","529","668"
"脱法ロック","Neru","155","3","6","8","185","408","632"
"超人ひじりのエアマッソー","IOSYS feat. ビートまりお","210","4","7","9.3","178","367","607"
"DREAMING-ING!!","ときめきアイドル project","180","3","5","8","177","393","516"
"Don't Break Me Down","A-One","163","3","7","9.0","206","425","707"
"花のやくそく","日向美ビタースイーツ♪","85","2","5","7","104","405","525"
"Paranoia","DiGiTAL WiNG feat. 花たん","150","4","8","9.0","389","733","965"
"ハルイチバン","ときめきアイドル project","180","3","6","9.0","186","428","647"
"向日葵サンセット","ARM・まろん (IOSYS) × ランコ・パプリカ (豚乙女)","135","3","6","9.1","172","457","647"
"フィクサー","ぬゆり","136","3","7","9.6","174","553","763"
"From⑨Girl","uno (IOSYS) × 越田Rute隆人&あき (A-One)","113","2","5","8","138","319","530"
"星を飛び越えて","Liz Triangle","167","2","6","8","112","270","431"
"リバースユニバース","ナユタン星人","139","3","7","9.1","336","613","872"
"ルミナスデイズ","ここなつ","145","2","4","7","140","272","430"
"ロールプレイングゲーム","そらまふうらさか","162","3","6","9.4","278","526","732"
"炉心融解[2]","iroha","165","2","6","8","168","403","632"
"アカリがやってきたぞっ","GYARI(ココアシガレットP)","136","3","7","9.4","278","450","694"
"[A]ddiction","EVO+","164","4","6","9.2","268","574","840"
"Afterimage d'automne","BEMANI Sound Team ""猫叉劇団""","232","4","6","9.6","237","423","708"
"Aftermath","BEMANI Sound Team ""猫叉Master & あさき & Yvya""","200","4","8","10.2","327","596","887"
"Alba","須田景凪","117","2","6","8","138","469","543"
"アンビバレント","Eve","188","2","6","8","125","393","472"
"↑↑↓↓←→←→BA","meiyo","124","3","7","9.0","276","680","763"
"泡沫、哀のまほろば","幽閉サテライト","155","2","5","9.3","133","365","608"
"X-ray binary","BEMANI Sound Team ""Trance Liquid""","150","3","9.5","10.4","318","754","925"
"おーまい！らぶりー！すうぃーてぃ！だーりん！","BEMANI Sound Team ""PON"" feat.NU-KO","170","4","7","9.6","244","448","844"
"ケムマキunderground","t+pazolite feat. リズナ","200","3","8","9.5","240","599","862"
"紅蓮華","(LiSA)","135","2","5","8","112","325","511"
"ゴーストルール","DECO*27","210","2","7","9.2","134","539","734"
"ここからよろしく大作戦143","BEMANI Sound Team ""あさき隊""","184","4","7","9.3","360","680","978"
"最凶アンビバレント","森羅万象","178","3","6","9.6","232","336","614"
"最小三倍完全数","DJ TECHNORCH","220","5","7","10.3","335","475","666"
"39","sasakure.UK＆DECO*27","175","3","6","8","116","339","439"
"思想犯","ヨルシカ","200","2","8","9.1","157","592","786"
"Six String Proof","BEMANI Sound Team ""Yvya × Mutsuhiko Izumi""","130","4","6","9.5","187","383","736"
"シル・ヴ・プレジデント","P丸様。","176","3","7","9.3","221","401","591"
"「Sweet Love」","ときめきメモリアル Girl's Side 4th Heart","135","2","5","7","165","305","427"
"すきなことだけでいいです","ピノキオピー","140","4","8","9.5","192","571","773"
"全力ハッピーライフ","森羅万象","190","3","7","9.3","283","543","853"
"turn into white","BEMANI Sound Team ""S-C-U & TATSUYA""","186","3","7","9.0","242","492","687"
"高嶺の花子さん","back number","87-138","2","5","8","121","334","566"
"ただ君に晴れ","ヨルシカ","140","1","6","8","87","340","481"
"DEATH WORMHOLE","SOUND HOLIC feat.Nana Takahashi","137","4","7","9.2","264","446","730"
"デンノウス・キルズ","cosMo@暴走P feat.初音ミク","217","3","7","9.1","182","430","609"
"toy boxer","BEMANI Sound Team ""S-C-U & SYUNN""","190","8","9.5","10.5","571","693","736"
"Do Well","SIRUP","116","2","6","8","156","426","593"
"ドラマツルギー","Eve","149","2","6","9.2","140","385","631"
"Triple Cross","BEMANI Sound Team""dj TAKA & DJ YOSHITAKA & SYUNN""","196","4","8","10.3","214","515","819"
"Trill auf G","BEMANI Sound Team ""dj TAKA""","188","4","7","10.5","194","400","772"
"50th Memorial Songs -Beginning Story-","BEMANI Sound Team","135","5","7","8","357","573","735"
"BLACK JACKAL","Akira Complex","150","4","6","9.6","223","402","736"
"Pretender","Official髭男dism","92","1","3","8","134","272","562"
"ボッカデラベリタ","柊キライ","170","2","7","9.0","105","545","723"
"POP TEAM EPIC","上坂すみれ","142","2","6","10.0","116","351","685"
"voltississimo","BEMANI Sound Team ""PHQUASE""","225","4","7","10.3","277","470","833"
"マツヨイナイトバグ","ビートまりおとまろん","190","5","9.1","10.4","386","910","1064"
"マリーゴールド","あいみょん","106","1","5","7","118","273","469"
"みくみくにしてあげる♪【してやんよ】","ika","160","1","5","9.2","101","340","594"
"ミッドナイト☆WAR","いちか","156","4","7","10.0","248","445","832"
"メランコリック","Junky","140","3","6","8","151","364","686"
"妄想感傷代償連盟","DECO*27","110","3","7","9.3","152","446","650"
"YONA YONA DANCE","和田アキ子","145","4","8","9.5","220","431","618"
"ルナティックモンスター","フーリンキャットマーク","136","3","7","9.3","228","428","597"
"令和","ゴールデンボンバー","142","3","7","9.1","249","469","640"
"WARNING×WARNING×WARNING","暁Records","172","4","6","8","262","427","737"
"ワールズエンド・ダンスホール","wowaka","171","3","7","10.2","157","456","818"
"Icicles","Jimmy Weckl","158","4","6","8","288","367","515"
"IN THE NAME OF LOVE","Y&Co. feat. Erica","155","5","6","8","469","607","762"
"SigSig","kors k","179","5","7","9.1","369","568","824"
"Snow Goose","Mutsuhiko Izumi","200","5","7","8","326","503","549"
"Special One","kors k feat. Suzuyo Miyamoto","130","4","5","6","228","319","469"
"TRUE♥LOVE","jun feat. Schanita","188","3","7","9.7","287","439","596"
"bass 2 bass","Ryu☆","140","5","6","8","298","371","573"
"ALBIDA","DJ YOSHITAKA","185","5","7","10.1","332","584","731"
"AIR RAID FROM THA UNDAGROUND","GUHROOVY","180","5","9.7","10.7","362","744","967"
"AREA 51","96","188","6","7","9.5","409","562","828"
"Good-bye Chalon","猫叉Master+","154","4","7","8","243","434","619"
"恋のメリーゴーランド","森野くま子","195","5","6","7","333","506","673"
"Shining Star","Sota Fujimori feat.Nagisa","140","4","6","7","279","406","602"
"少年リップルズ","常盤ゆう","210","4","7","9.5","297","485","659"
"隅田川夏恋歌","seiya-murai feat.ALT","180","4","7","9.8","379","536","683"
"Lead Me","SHOGO","172","3","7","8","205","418","627"
"Russian Snowy Dance","Mutsuhiko Izumi","170-240","5","8","10.0","380","588","706"
"うらもからだも落花微塵","Nanako","160","4","7","9.7","266","542","758"
"ALL MY HEART -この恋に、わたしの全てを賭ける-","SUPER HEROINE 彩香-AYAKA-","160","4","7","8","218","507","643"
"キルト","Des-Sana+wpt9","178","5","7","9.7","310","516","755"
"concon","S-C-U","190","6","9.6","10.5","452","635","812"
"さよならトリップ","Dormir","133","3","7","8","223","528","654"
"Sweet Rain","Y&Co. feat. Karin","155","4","7","9.1","279","577","808"
"Far east nightbird","猫叉Master","180","4","7","9.4","256","538","708"
"fellow","ピンクターボ","179","4","5","7","235","316","601"
"歌の翼","あーたん","140","3","7","9.8","189","476","736"
"electro peaceful","Mr.T","160","4","7","8","335","480","762"
"陽炎","星野奏子","140","3","6","8","226","355","565"
"[E]","dj MAX STEROID","152","6","8","9.6","455","715","842"
"ギタ・ドラ・jubeat大夏祭りのテーマ","DNM盛り上げ隊","157","6","8","9.8","308","422","667"
"candii","八王子P","132","3","6","9.7","214","484","708"
"cloche","Qrispy Joybox","182","3","6","7","232","389","512"
"Summer Holiday","達見 恵 featured by 佐野宏晃","109","4","6","8","193","411","615"
"The Wind of Gold","kors k","170","5","8","10.2","380","631","814"
"幸せのかたち","あさき","119","3","6","9.5","190","416","612"
"532nm","Ryu☆","177","7","8","10.2","306","522","700"
"RePrise","SHOGO","182","4","7","8","215","360","648"
"流砂の嵐","劇団レコード","140-146","5","7","9.4","400","527","806"
"量子の海のリントヴルム","黒猫ダンジョン","280","5","7","10.5","330","536","801"
"Across the nightmare","Jimmy Weckl","150","5","7","9.7","342","481","636"
"anemone","S-C-U feat.Qrispy Joybox","200","5","7","9.7","286","545","711"
"Arousing","DJ TOTTO feat.吉河順央","179","3","7","9.1","230","509","797"
"Vermilion","Remo-con","143","7","9.2","10.4","506","619","804"
"Wow Wow VENUS","VENUS","157","2","7","9.3","263","592","848"
"Water Horizon","青龍","191","4","8","9.1","366","671","780"
"Empathetic","Sota÷Des","180","4","8","9.8","332","556","746"
"お米の美味しい炊き方、そしてお米を食べることによるその効果。","大日本鉄倶楽部【あさき&96】","190","3","7","10.1","324","535","831"
"朧","HHH×MM×ST","149","4","7","9.1","266","508","688"
"GAIA","猫叉L.E.D.Master+","180","4","8","10.3","341","663","978"
"記憶の欠片","Sana","153","3","6","7","203","376","508"
"君の元へ","久保田祥平","180","2","5","7","166","368","484"
"黒髪乱れし修羅となりて","村正クオリア","150","3","6","9.1","246","365","927"
"Chronos","TAG","128","4","8","9.3","312","583","820"
"紅焔","PON","175","4","8","9.6","324","572","889"
"この子の七つのお祝いに","あさき","161","5","8","9.8","214","454","671"
"Condor","Remo-con","142","3","6","9.9","189","379","679"
"Sakura Sunrise","Ryu☆","181","4","8","9.2","312","553","674"
"サヨナラ・ヘヴン","猫叉Master","111","3","6","8","193","466","686"
"Synergy For Angels","TAG×U1-ASAMi","160","3","8","9.7","299","642","764"
"STULTI","MAX MAXIMIZER VS DJ TOTTO","90-182","3","8","9.6","244","480","718"
"晴天Bon Voyage","TOMOSUKE × seiya-murai feat. ALT","230","5","7","9.4","353","524","818"
"Second Heaven","Ryu☆","149","4","6","9.2","268","466","772"
"ZED","USAO","190","4","8","9.6","331","557","869"
"ZZ","D.J.Amuro","154","4","8","10.5","387","715","956"
"創世ノート","PON+wac","200","3","7","8","221","465","645"
"sola","小野秀幸","135","3","7","9.6","228","480","744"
"chaplet","DJ TOTTO","200","4","9.3","10.2","277","678","772"
"闘いの刻-jubeatREMIX-","マジックアカデミー管弦楽部×劇団レコード","174","3","6","7","181","348","485"
"つぼみ","達見恵 featured by 佐野宏晃","184","3","6","8","173","348","547"
"Dispersion Star","ZUKI","180","2","6","9.5","137","292","528"
"デッドボヲルdeホームラン","猫叉Masterβ2","145","4","6","9.6","312","489","713"
"天上の果て","マジックアカデミー管弦楽部×劇団レコード","144","4","7","8","254","454","514"
"Dragontail Butterfly","Tom-H@ck feat.Nadia","170","3","7","8","278","534","711"
"トリカゴノ鳳凰","L.E.D. Vs. 幽閉サテライト","185","3","7","9.1","438","642","947"
"Triple Journey -S-C-U EDITION-","Triumvirate","200","4","9.2","9.8","304","591","648"
"†渚の小悪魔ラヴリィ～レイディオ†","夏色ビキニのPrim","190","5","8","10.2","365","590","875"
"夏・KOI・ムッシュ!!","ビーチサンダルズ","140","4","6","9.5","218","428","702"
"虹色の花","Akhuta y OJ","170","4","6","8","344","483","767"
"HYENA","Hommarju","178","3","7","9.7","267","547","863"
"華爛漫 -Flowers-","TЁЯRA","160","2","7","8","181","457","556"
"ヒーロー","鈴木友里絵","155","3","6","8","257","498","646"
"Pink Rose","Kiyommy+Seiya","116-146","3","6","8","217","333","605"
"Fantasia","TЁЯRA","165","3","6","8","301","480","717"
"ふしぎなくすり","上野圭市 feat. SATOE","162","3","5","9.3","180","410","792"
"Baby Bleep March","seiya-murai","180","4","8","9.5","297","559","677"
"星屑のキロク","小野秀幸","182","4","7","8","294","543","632"
"ほしふり","Sana","155","4","6","8","225","425","592"
"ポップミュージック論","ギラギラメガネ団","190","3","6","8","195","386","620"
"マインド・ゲーム","96 with メカショッチョー","180","3","7","9.2","210","433","733"
"Mother Ship","Sota Fujimori","152","4","8","9.6","292","518","740"
"万華鏡","Jimmy Weckl","138","5","8","9.6","254","508","650"
"優勢オーバードーズ","PON","166","3","6","8","176","423","694"
"ラキラキ","Mutsuhiko Izumi & S-C-U","165","3","8","10.6","220","615","759"
"Lisa-RICCIA","DJ YOSHITAKA","205","4","8","10.5","337","600","1023"
"Little Star","REDALiCE feat. Ayumi Nomiya","183","4","6","8","272","452","735"
"我が麗しのバレンシア","劇団レコード feat. Mille Face","130-150","4","5","8","272","363","565"
"枝に結ぶ願い","Akhuta","204","4","8","9.6","310","616","856"
"Energy","SAYA","170","3","6","9.6","224","378","567"
"SHION","DJ YOSHITAKA","179","4","7","9.3","338","554","875"
"DANCE ALL NIGHT","Sota Fujimori","135","3","5","9.2","245","413","846"
"Ha・lle・lu・jah","SOUND HOLIC feat. Nana Takahashi","150","3","6","9.2","216","402","711"
"FUNKY SUMMER BEACH","P*Light","175","4","7","10.1","394","645","856"
"ポチコの幸せな日常","NU-KO","192","4","7","9.5","367","637","854"
"Metric","Hommarju","123","3","6","8","238","425","861"
"Little Flipper","S-C-U","165","3","7","9.1","247","411","688"
"Resurrection","Dormir","140","2","5","8","204","394","585"
"天ノ弱[2]","164 feat. GUMI","200-205","4","7","9.8","259","557","701"
"妖隠し -あやかしかくし-","DJ TOTTO feat.3L","85","3","5","9.1","417","474","899"
"エキサイティング！！も・ちゃ・ちゃ☆","日向美ビタースイーツ♪","187","5","7","9.4","300","584","705"
"完全無欠の無重力ダイブ","日向美ビタースイーツ♪","122","2","5","7","201","397","625"
"3 A.M. ディテクティブ・ゲーム","日向美ビタースイーツ♪","162","3","6","9.1","310","502","749"
"千年ノ理","猫叉Master","153","4","7","9.6","315","527","828"
"竹取飛翔 ～ Lunatic Princess (Ryu☆Remix)","Ryu☆","171","3","6","10.4","312","441","750"
"Diargosの森","Mutsuhiko Izumi","140","4","6","9.8","272","376","544"
"twinkle noise","ZUKI","140","2","5","8","251","409","707"
"とびっきりのふわっふわ","日向美ビタースイーツ♪","110","3","5","6","213","325","425"
"走れメロンパン[2]","日向美ビタースイーツ♪","170","4","6","8","215","316","551"
"パ→ピ→プ→Yeah!","ヒゲドライバー join. shully & Nimo","160","6","8","10.1","383","614","846"
"Braid ＆ Blade","SHAMDEL","153","3","7","9.2","249","509","746"
"プレインエイジア -PHQ remix-","PHQUASE","182","5","9.1","10.4","422","681","847"
"prop the world","S-C-U","130","4","7","9.7","271","518","774"
"ぽかぽかレトロード","日向美ビタースイーツ♪","178","4","6","9.0","345","469","741"
"ほおずき程度には赤い頭髪","Akhuta","174","3","8","10.4","327","679","933"
"ホメ猫☆センセーション","P*Light feat. mow*2","200","4","7","9.3","389","631","875"
"Russian Caravan Rhapsody","Power Of Nature","158","4","7","10.1","307","485","845"
"運命","No.5 Orchestra","198-299","4","6","10.0","257","522","810"
"KHAMEN BREAK -SDVX Infinity MashUp-","くふおー effected by Megacycle","180","4","8","10.3","490","684","1050"
"がんばれゴエモン　～ ビーストメドレー ～","96","113-190","2","6","8","188","370","526"
"GRADIUS Ⅱ　～ ビーストメドレー ～","Sota Fujimori","190","2","6","9.4","271","417","648"
"Grand Chariot","xi","191","3","6","10.4","216","451","833"
"月風魔伝　～ ビーストメドレー ～","Akhuta","170","4","7","9.4","326","533","823"
"Giant Otter Family","S-C-U","188","3","8","9.5","208","569","761"
"StrayedCatz","削除","151","4","8","10.6","289","582","843"
"ZEPHYRANTHES","TAG","180","4","8","10.4","333","616","844"
"Sephirot","SHIKI","154","5","9.4","10.4","387","776","934"
"Daisuke","Y&Co.","157","3","6","9.1","343","621","871"
"Twinbee's Home Town Song","Sota Fujimori","168","2","6","9.4","162","417","698"
"バビロニア","劇団レコード","164","3","6","8","308","492","644"
"変じゃない!!","good-cool ft.すわひでお","116","2","6","8","224","388","623"
"星宿る空の下で","Akhuta","204","4","7","9.3","307","544","859"
"Phlox","Sota Fujimori 2nd Season","185","4","8","10.1","348","626","757"
"蟲の棲む処","かめりあ feat. Nana Takahashi","161","4","8","10.2","255","500","684"
"六花にくちづけ","Akhuta","210","4","6","8","291","538","694"
"Another Phase","TAG","160","3","7","9.7","248","432","693"
"Alive in my Soul","aran","135","3","6","8","211","479","746"
"キリステゴメン","東雲夏陽","156","5","7","9.3","436","555","755"
"けもののおうじゃ★めうめう","日向美ビタースイーツ♪","162","3","6","8","206","450","697"
"飽和世界","猫叉Master","70-118","3","5","9.1","186","335","541"
"Sulk","SYUNN","150","4","7","9.6","311","645","1000"
"銃弾は解を撃ち抜いて","日向美ビタースイーツ♪","171","4","6","9.0","326","509","782"
"星座が恋した瞬間を。","BEMANI Sound Team ""DJ TOTTO feat.MarL""","186","3","7","9.3","192","570","724"
"たからもの","セリカ&エリカ","182","3","7","9.0","304","652","804"
"Drizzly Venom","日向美ビタースイーツ♪","168","3","6","9.6","152","391","613"
"ナイト・オブ・ロンド","日向美ビタースイーツ♪","169","4","6","8","257","334","455"
"birth","Yu_Asahina","200-220","5","8","10.5","486","814","902"
"Be a Hero!","中島由貴","190","4","8","10.3","314","793","1043"
"風鈴花火","BEMANI Sound Team ""劇団レコード""feat.結良まり","150","2","5","8","168","261","634"
"Fly far bounce","猫叉Master","163","3","6","9.5","154","382","532"
"ミカヅキ:コネクト","かゆき","160","4","7","9.7","294","511","671"
"ミラクル・スイート・スイーツ・マジック！！","日向美ビタースイーツ♪","88-206","3","7","9.0","207","451","717"
"レゾンデートル、前線より","中島由貴","207","4","7","9.0","209","419","680"
"Agnus Dei","あさき","168","4","6","9.6","208","338","609"
"In Your EyEs","kors k","180","5","7","10.5","386","605","981"
"Winter Gift ～クリスピーからの贈りもの～","Qrispy Joybox","178","4","7","9.6","208","433","547"
"おにぎりディスコ","Blanc Bunny Bandit","118","1","4","7","100","278","584"
"革命パッショネイト","日向美ビタースイーツ♪","194","4","7","10.2","302","580","861"
"Catch Our Fire!","中島由貴","190","4","7","10.4","280","701","1026"
"Surf on the Light","Tomoyuki Uchida","160","3","5","10.0","194","349","709"
"Sahara","Hommarju","95-155","4","7","10.2","254","594","904"
"Samba Ramba","Y&Co. feat. Kanae Asaba","160","3","6","9.3","272","583","855"
"シンクロフィッシュ","Blanc Bunny Bandit","182","2","5","8","194","402","666"
"スイーツはとまらない♪","日向美ビタースイーツ♪","204","2","5","8","242","376","590"
"スミスえかきうた","jubeat staff","114","1","5","8","72","180","268"
"拙者拙者拙者拙者","ヒゲドライバー & ゆよゆっぺ","195","3","7","10.2","188","552","820"
"たたえよ！絶対覇権アリーシャ帝国","Blanc Bunny Bandit","100-145","4","7","9.4","249","436","651"
"月影小町","駄々子","182","3","6","9.0","189","438","661"
"熱情のサパデアード","日向美ビタースイーツ♪","136","3","6","8","197","403","709"
"箱庭のエチュード","Blanc Bunny Bandit","138","3","6","8","212","430","773"
"ヒカリユリイカ","ここなつ","140","3","6","8","175","360","565"
"ビター・エスケープ","やぎぬまかな","152","3","6","8","288","559","745"
"50th Memorial Songs -The BEMANI History-","BEMANI Sound Team","136","6","9.0","10.1","229","573","696"
"50th Memorial Songs -二人の時 ～under the cherry blossoms～-","BEMANI Sound Team","160","3","6","9.1","281","416","725"
"50th Memorial Songs -Flagship medley-","BEMANI Sound Team","135-175","4","7","9.5","173","473","673"
"ビューティフル レシート","Lucky Vacuum","196","4","7","10.1","288","451","740"
"ベビーステップ","ここなつ","200","4","6","9.0","224","404","719"
"めた・メタ？ひまわり＊パンチ","ひまわり＊パンチ","177","2","5","9.2","175","349","638"
"あいのうた","肥塚良彦","130","3","4","8","174","317","590"
"I love マミー","荒牧陽子","160","4","5","8","288","384","736"
"In Scottish Highlands","Thomas Howard Lichtenstein","145","3","6","9.8","282","523","693"
"GIGA BREAK","96","135","6","7","9.7","335","449","716"
"Crosswind","Mutsuhiko Izumi","107","3","7","9.8","201","488","705"
"Jumping Boogie","Kozo Nakamura","198","5","7","8","328","477","632"
"Slang","Kozo Nakamura","160","4","7","9.8","316","489","675"
"Chance and Dice","日本少年","150","5","6","7","319","356","443"
"Happy Happy","ki☆ki","130","2","5","8","173","348","531"
"Polaris","Mutsuhiko Izumi","180","2","5","8","202","330","577"
"eyes","小野秀幸","300","3","7","8","202","388","618"
"INVISIBLE WORLD","SILKY F","128","2","7","8","230","461","656"
"ECO FIGHTER","入尾信充","140","3","5","7","182","381","535"
"coming true","GUHROOVY Vs. L.E.D.","175","5","7","9.7","341","660","802"
"Queen's Paradise","Nanako","157","4","6","7","317","408","629"
"コイノチカラ","石阪久美子","162","3","6","8","231","425","524"
"SWEET ANGEL","古川もとあき","150","4","5","9.7","210","370","641"
"STARLIT DUST/スティルに捧ぐ","Des-ROW + ANT","183","4","6","8","292","416","654"
"スペースカーニバル","shooting star","160","4","6","8","264","471","733"
"Macuilxochitl","TOMOSUKE","148","7","8","10.3","396","582","757"
"愛と勇気の三度笠ポン太","荒牧陽子","160","4","6","8","219","387","618"
"KUNG-FU MAMA","seiya-murai feat. ALT","150","3","7","8","323","552","783"
"Green Green Dance","Mutsuhiko Izumi","165","3","7","8","315","672","787"
"Jailbreak","Kozo Nakamura","250","5","6","9.7","342","506","718"
"Shining Wizard","96","158","5","8","9.8","341","585","757"
"Shine On Me","kors k","170","4","7","8","404","602","932"
"STELLAR WIND","L.E.D.","160","6","9.8","10.4","415","713","712"
"STREET DANCER","SILKY F","138","2","6","7","220","441","642"
"Theory of Eternity","TAG","160","4","8","9.3","427","725","858"
"Prophet Vibe","Sota Fujimori feat.Calin","154","3","7","8","296","506","739"
"Love ♡ km","dj TAKA feat. REN","184","3","7","8","268","474","666"
"Ready Go!!","荒牧陽子","220","4","6","8","350","390","530"
"yellow head joe","S-C-U","187","7","10.4","10.4","513","754","765"
"800nm","Another Infinity (Ryu☆×Starving Trancer)","180","5","8","9.1","310","516","610"
"逆ナンされたのにドタキャン!!","good-cool ft. すわひでお","194","4","8","9.7","232","589","757"
"JOMANDA","DJ YOSHITAKA","90-195","7","9.2","10.6","480","757","922"
"Starlight Parade","肥塚良彦","131","4","6","8","206","381","546"
"DOUBLE IMPACT","DOUBLE IMPACT","265","5","6","10.5","372","462","811"
"THIS NIGHT (jubeat EDITION)","TЁЯRA","160","2","5","9.1","177","375","719"
"Devil Fish Dumpling","96","166","4","7","10.1","361","512","733"
"TWINKLE♡HEART","jun","185","3","7","9.2","254","527","722"
"ナナホシ","S-C-U","166","5","7","9.6","287","442","582"
"HEAT-BIT-HIT-BEAT","V.C.O.","180","5","8","9.2","380","795","918"
"Plum","肥塚良彦","256","4","6","9.7","301","528","693"
"FRIENDSHIP","PON","208","4","7","8","221","425","540"
"HEAVENLY MOON","Tatsh","185","4","8","10.4","347","596","886"
"polygon","Sota Fujimori","174","3","5","8","313","411","687"
"瞬","小野秀幸","178","4","7","8","269","444","504"
"Riot of Color","TAG","150","5","8","10.4","291","561","855"
"Rush!!","kors k feat.吉河順央","210","4","7","8","323","568","813"
"Red Goose","Mutsuhiko Izumi","200","5","8","10.5","445","743","891"
"WONDER WALKER","L.E.D.","165","6","8","10.1","544","732","893"
"I/O","Ryu☆","151","4","7","8","310","469","680"
"愛は不死鳥の様に","真紅の薔薇の騎士Prim","192","6","8","10.5","351","648","853"
"Asterism","ZUKI","175","4","7","8","224","425","647"
"アストライアの双皿","ZODIACSYNDICATE","173","6","9.5","10.5","507","776","988"
"attack in the minor key","Mr.T","164","3","6","9.6","243","451","747"
"Amalgamation","Mystic Moon","166","4","7","9.1","271","521","722"
"雨ノチHello","TLION69","189","3","6","9.8","275","437","646"
"Our Faith","kors k","175","4","8","10.6","396","655","825"
"イ号零型","あさき","170","3","5","9.5","200","293","728"
"Vanity","Vivian","125-150","4","7","9.6","297","592","806"
"VALLIS-NERIA","DJ YOSHITAKA","185","4","8","10.4","276","745","911"
"We're so Happy","Ryu☆","185","5","8","10.4","248","724","915"
"Windy Fairy","DJ TOTTO","180","3","7","9.1","257","514","716"
"梅雪夜","Qrispy Joybox feat.mao","167","3","6","9.1","242","465","740"
"8 -eight-","Tom-H@ck feat.Nadia","230","4","6","9.5","300","399","669"
"Engraved Mark","Ryu☆ ∞ Des-ROW","188","4","8","9.7","335","518","733"
"Endless Chain ～2人でトリガーをひこう～","私立BEMANI学園軽音楽部","162","2","5","8","140","334","587"
"O JIYA","ASMAT & emi","151","3","6","9.5","212","385","567"
"OVERHEAT - Type J -","DOUBLE IMPACT","155","4","9.2","10.6","366","623","928"
"影縫い胤撒き","Akhuta","180","3","5","9.7","278","443","786"
"Cassis","肥塚良彦","176","3","6","8","210","497","660"
"カラフルミニッツ","Qrispy Joybox feat.mao","152","3","5","8","140","346","595"
"カラルの月","猫叉劇団","135","3","6","9.4","267","471","760"
"キケンな果実","達見 恵 featured by 佐野宏晃","174","2","6","9.0","242","372","688"
"caramel ribbon","P*Light","175","3","8","10.1","298","655","777"
"Gimme a Big Beat","kors k","138","3","6","9.5","352","581","933"
"キラキラ☆ステーション","Tatsh feat.Prico","176","5","8","9.5","413","585","679"
"quaver♪","Risk Junk","182-186","4","7","8","342","578","641"
"Clumsy thoughts","猫叉Master feat.*spiLa*","153","2","7","8","235","545","644"
"紅蓮の焔","劇団レコードfeat.浅葉リオ","155","3","6","9.4","189","381","600"
"恋する☆宇宙戦争っ!!","Prim","200","4","8","10.0","439","745","966"
"恋はどう？モロ◎波動OK☆方程式！！","あべにゅうぷろじぇくと feat. 佐倉紗織produced by ave;new","128","3","8","9.8","218","653","827"
"Go For The Top","U1 overground","180","4","8","9.5","261","562","708"
"Cosmic Hurricane","TAG","188","4","8","10.0","364","575","808"
"この青空の下で","TAG meets""eimy""","165","4","7","9.4","296","542","814"
"Gott","Hommarju","195","4","8","10.3","386","697","865"
"Concertino in Blue","佐々木博史","130-155","4","8","9.8","269","465","704"
"Confiserie","L.E.D. vs S-C-U","185","6","10.4","10.7","539","919","1021"
"防人恋歌","Ax feat. 夏川陽子","170","3","5","7","243","461","631"
"SEED","DJ YOSHITAKA","152","7","8","9.8","525","699","771"
"此岸の戯事","Akhuta","195","4","8","10.5","332","709","884"
"終末を追う者","S-C-U×PON","185","4","8","10.4","350","595","834"
"少年は空を辿る","Power Of Nature","140","7","9.4","10.5","552","894","1019"
"SILVER☆DREAM","jun","192","5","7","8","385","494","616"
"Sky Is The Limit","Sota F. feat.Anna","150","3","6","9.4","199","440","670"
"Squeeze","VENUS feat. Mutsuhiko Izumi","173","4","7","10.3","263","431","751"
"squall","猫叉Master+","190","5","6","9.2","298","529","657"
"Stand Alone Beat Masta","GUHROOVY","200","6","9.5","10.8","485","753","961"
"Stella Sinistra","Akhuta Philharmonic Orchestra","120-180","3","7","9.8","255","419","743"
"ストレイ・マーチ","少年ゾディアック","180","3","6","8","213","542","720"
"Straight Oath","矢鴇つかさ feat. 三澤秋","182","2","5","8","223","303","613"
"Snowfield Express","TIME CAPSULE Lab.","188","4","6","9.3","220","392","702"
"snow prism","Qrispy Joybox","196","3","7","8","264","522","636"
"spring pony","S-C-U","150","4","7","9.7","262","464","749"
"smooooch・∀・","kors k","177","3","8","10.1","255","637","772"
"蒼天","Tatsh","176","2","5","8","221","393","599"
"Sol Cosine Job 2","DJ TECHNORCH","190-200","6","9.5","10.7","512","725","993"
"TYCOON","SOUND HOLIC feat. Nana Takahashi","170","3","6","9.1","251","367","713"
"Dynasty","Yooh","189","4","8","10.3","378","626","908"
"TSAR BOMBA","L.E.D.","190","4","8","10.4","283","647","927"
"ツキミチヌ","CULTVOICE by S.S.D. PRODUCTS","146","2","5","7","199","388","583"
"DIAVOLO","度胸兄弟","160","4","9.6","10.6","357","692","905"
"December Breeze","dj silverberg","182","4","8","10.0","363","643","879"
"Daily Lunch Special","Lucky Vacuum","205","5","8","10.3","349","684","975"
"Twinkle Wonderland","Qrispy Joybox feat.Sana","188","4","6","8","202","393","617"
"True Blue","dj TAKA feat.AiMEE","164","4","9.7","10.2","342","702","904"
"Thor's Hammer","ユニバーサル度胸兄弟","150","4","8","10.5","312","517","810"
"轟け！恋のビーンボール！！","ダイナミック野球兄弟 v.s. クロスファイヤーPrim","180","3","7","10.0","292","523","791"
"DRAGON KILLER","96 vs. Mutsuhiko Izumi","210","3","6","9.6","277","410","789"
"Dragon Blade","Kozo Nakamura","120","5","8","10.4","407","688","914"
"NIGHT FLIGHT","小野秀幸","180","4","7","9.4","308","568","716"
"IX","dj TAKA VS DJ TOTTO feat.藍","198","4","9.5","10.7","430","802","984"
"New Gravity","Starving Trancer","154","3","7","8","247","507","555"
"New Decade","Sota F.","200","3","8","10.1","281","503","714"
"Never Look Back in Sorrow","AIKO OI","270","5","8","10.5","375","603","806"
"neu","少年ラジオ","199","4","7","10.2","386","546","881"
"HEART BEAT FORMULA","TAG","230","4","6","8","255","386","676"
"Happy","Sota Fujimori","190","5","7","8","331","478","601"
"PUNISHER","TAG×PON","180","4","7","9.2","336","631","928"
"PULSE LASER","ヒゲドライバー","165","3","7","9.5","276","463","694"
"Hello world!","Music by 源屋, Vocal by SOPHY","175","2","5","8","158","393","591"
"Beastie Starter","GUHROOVY","190","5","8","10.7","339","656","1000"
"V","TAKA","150","3","9.5","10.5","374","896","1044"
"フー・フローツ","Nanako","180","3","5","9.1","176","347","591"
"405nm (Ryu☆mix)","Another Infinity","177","7","9.6","10.3","511","770","908"
"PRANA","TAG","188","5","8","9.8","319","530","841"
"Fly with me","TAG","177","4","7","9.6","255","621","845"
"Plan 8","Ryu☆","212","4","8","10.2","444","666","888"
"Brand New World","VENUS","157","3","7","8","264","431","676"
"Flip Flap","kors k","175","3","7","8","342","529","683"
"BLUE STRAGGLER","L.E.D.","160","5","9.7","10.3","321","605","780"
"Proof of the existence","猫叉Master+","170","4","7","10.3","279","499","737"
"Broken","dj TAKA feat.AiMEE","148","4","8","10.1","248","562","729"
"heron","S-C-U","182","4","7","9.4","259","429","604"
"POINT ZERO","猫叉Master+","188","3","6","9.7","191","413","693"
"亡国のヒストリア","劇団レコード","140","4","6","8","221","413","563"
"Holy Snow","Mutsuhiko Izumi","130-160","5","8","9.8","254","615","735"
"Mynarco","positive MAD-crew","181","5","7","9.4","437","566","820"
"Magnetic","Sota Fujimori","160","5","8","9.6","368","578","795"
"Mirage","Mutsuhiko Izumi","170","4","6","9.7","263","442","770"
"milky ice bear","S-C-U","147","4","6","8","261","553","717"
"Move That Body","Expander","196","3","7","9.2","311","550","804"
"野球の遊び方　そしてその歴史　～決定版～","あさき大監督","141","3","6","9.5","291","430","796"
"Unicorn tail Dustboxxxx RMX","Dustboxxxx","200","4","8","10.2","322","644","808"
"Right on time(Ryu☆ Remix)","Ryu☆","149","4","6","9.4","263","465","638"
"Life Connection","world sequence","200","4","6","7","269","453","582"
"LUV CAN SAVE U","HIDEKI NAGANUMA","140","4","8","9.6","367","653","922"
"リメンバーリメンバー","rino & m@sumi from plastic penguin","182","3","6","8","207","357","555"
"le mirage","Vivian","160","2","6","8","249","454","664"
"Ray","源屋","175","2","7","8","244","458","642"
"Rainbow after snow","猫叉Master feat.林ももこ","179","2","5","8","171","321","701"
"RED ZONE","Tatsh＆NAOKI","165","4","8","10.3","309","612","871"
"恋愛観測","NU-KO","188","3","7","9.1","243","525","800"
"恋閃繚乱","2B-Waves","142","4","6","8","335","482","590"
"robin","S-C-U","190","4","6","8","263","417","567"
"Romancing Layer","TAG","150","3","9.4","10.2","200","558","717"
"朱と碧のランページ","NU-KO","178","3","7","9.3","292","527","753"
"athletic meet of sound toy","Mr.T","190","5","8","9.1","444","645","781"
"encounter","猫叉Master+","190","5","8","10.4","514","703","918"
"aura","Expander","175","3","6","9.4","301","397","736"
"御千手メディテーション","昇天家族","150-190","5","9.1","10.3","496","710","889"
"KHAMEN BREAK","くふおー","180","4","7","10.3","400","662","1042"
"Cleopatrysm","ピラミッ℃","190","5","8","10.6","375","570","860"
"コドモライブ","onoken feat.asami","140-146","2","6","8","228","403","631"
"STERLING SILVER","TAG","175","4","8","10.2","370","579","867"
"Spanish Snowy Dance","Mutsuhiko Izumi","180","3","7","8","291","496","611"
"7 Colors","kors k feat.吉河順央","156","2","6","9.0","199","399","645"
"time granular","ZUKI","176","4","7","9.1","301","516","719"
"Timberwolves","S-C-U","190","5","8","10.1","339","515","731"
"10,000,000,000","TAG feat. 96","205","3","8","9.1","190","495","702"
"ドーパミン","U1 overground","200","5","8","10.7","390","684","1077"
"Nature (jubeat version)","Mutsuhiko Izumi","230","5","9.7","10.5","411","590","756"
"猫侍の逆襲","猫叉Master","152","3","7","9.5","254","496","812"
"High School Love","DJ YOSHITAKA feat.DWP","180","2","6","8","253","462","786"
"passionate fate","Ryu☆","149","3","7","9.1","293","544","723"
"HYDRA","96","277","3","8","9.2","235","672","776"
"Follow Tomorrow","HHH×MM×ST","140","3","6","8","328","590","865"
"planarian","S-C-U","164","2","6","9.2","232","405","704"
"Blue Goose","Mutsuhiko Izumi","200","4","8","10.2","342","631","871"
"BLUE DRAGON","青龍","191","2","5","9.1","216","469","755"
"フレッフレー♪熱血チアガール","裏マドンナだ！Primちゃん","195","4","7","10.3","367","643","894"
"まるでマトリョーシカ","seiya-murai feat. ALT","155","3","6","8","274","494","614"
"Milchstrase","Buluka＆Nilo","189","2","5","9.1","240","374","694"
"Mono Logic","DJ NAGAI feat. Ayumi Nomiya","186","3","7","9.1","326","615","801"
"unisonote","onoken","168","2","6","9.2","186","457","799"
"Ausretious#1-まどろみ、或いは嘆色の夢-","EOOZ","168","4","7","10.4","358","569","850"
"アガット","Bazole","200","5","8","10.6","438","561","821"
"アレスの楯","劇団レコード","174","3","6","9.4","231","394","671"
"In The Breeze","96 & Sota ft. Mayumi Morinaga","123-142","3","7","9.8","205","491","637"
"We're so Happy[2]","Ryu☆","185","4","8","10.2","268","624","904"
"EBONY & IVORY","OSTER project","170","4","8","10.5","306","640","752"
"overcomplexification","かめりあ","190","4","8","10.4","314","599","790"
"きらきらタイム☆","さわわ","202","4","7","10.1","365","698","958"
"glacia","DJ TOTTO","186","6","9.2","10.3","494","750","945"
"glacia[2]","DJ TOTTO","186","6","9.5","10.6","504","789","936"
"Crack Traxxxx","Lite Show Magic (t+pazolite vs C-Show)","220","4","8","10.6","314","771","901"
"Chloé","DJ Totoriott","176","5","8","10.2","386","569","776"
"croiX","TeamGrimoire+あま猫","160-195","6","8","10.6","493","707","1000"
"Sacrifice for Justice","RoughSketch","190","3","7","10.3","365","535","860"
"citrus","kamome sano","174","4","7","9.7","296","502","747"
"Just Believe","小寺可南子","194","3","7","9.3","278","495","654"
"SWEET HOME PARTY","劇団レコード","134-180","4","7","9.6","279","445","617"
"ススススペースハリネズミ","S-C-U","182","4","8","10.5","312","594","738"
"Slluuddggee","Hommarju","83-174","4","9.2","10.3","373","741","924"
"超越してしまった彼女と其を生み落した理由","Ayatsugu_Otowa","178","4","8","10.3","377","595","896"
"天空の華","S-C-U × U1 overground","180","7","9.5","10.6","435","685","817"
"TWINKLING","猫叉Master feat.ミミニャミ","152","3","5","8","259","405","713"
"Two Pianists","小野秀幸","178","4","7","10.2","304","512","770"
"Too Late Snow","movies(moimoi × Xceon × Dai.)","138","3","5","9.2","236","433","803"
"Too Late Snow[2]","movies(moimoi × Xceon × Dai.)","138","4","9.2","10.5","355","723","906"
"トリカゴノ鳳凰[2]","L.E.D. Vs. 幽閉サテライト","185","3","8","10.3","316","585","974"
"Towards the TOWER","SHAMDEL","132","5","8","9.7","326","560","772"
"†渚の小悪魔ラヴリィ～レイディオ†[2]","夏色ビキニのPrim","190","6","8","10.3","380","560","790"
"夏色DIARY 俺のjubeat編","猫叉王子 feat.時を駆けるショッチョー","170","4","7","10.3","297","555","720"
"日天悦扇紊舞","Akhuta","192","3","7","9.3","255","488","749"
"Niflheimr","Qrispy Joybox","186","4","8","10.6","294","488","767"
"ビビットストリーム","DJ TOTTO","184","4","6","8","301","471","667"
"FLOWER[2]","DJ YOSHITAKA","173","6","8","10.4","402","683","950"
"freaky freak","kamome sano","145","4","7","10.2","395","596","874"
"炎のDiargos","Mutsuhiko Izumi","230","4","8","9.6","303","653","837"
"雪女","かねこちはる","200","5","9.2","10.1","318","717","798"
"Lovesick Lovetune","VALLEYSTONE feat. 紫崎 雪","135","3","6","9.4","248","433","627"
"Love ♡ km[2]","dj TAKA feat. REN","184","4","7","9.4","229","399","595"
"龍と少女とデコヒーレンス","黒猫ダンジョン","165","4","8","10.5","292","595","854"
"霖が哭く","Power Of Nature","154","6","9.6","10.5","490","735","828"
"Rock The Club","Expander","260","4","8","9.4","315","626","919"
"robin[2]","S-C-U","190","4","6","9.2","245","420","597"
"惑星☆ロリポップ","SOUND HOLIC feat. Nana Takahashi","180","5","7","9.9","402","578","797"
"Ark","kors k","145","3","6","9.8","253","494","671"
"aleatrik","nc ft. NRGFactory","138","3","6","8","310","526","731"
"アキネイション","ビートまりお（COOL&CREATE）","185","4","8","10.0","304","660","769"
"Against the vulgar aggressor","GUHROOVY","210","3","6","10.4","238","480","945"
"Invisible Border","world sequence","156","4","6","9.8","167","301","629"
"veRtrageS","Riz vs. Shiron","190","6","9.4","10.7","501","751","888"
"Valanga","DJ TOTTO","186","6","9.1","10.5","436","703","841"
"Vampire Killer","浅田 靖","128","3","7","9.7","202","508","705"
"Windy Fairy[2]","DJ TOTTO","180","4","7","9.3","278","465","690"
"ULTRA HAPPY MEGAMIX","DJ Genki","180","3","7","9.4","296","598","743"
"UROBOROS OVERDIVE","L.E.D. feat. YURiCa/花たん","160","3","7","9.3","264","574","855"
"枝に結ぶ願い[2]","Akhuta","204","4","7","9.5","357","519","735"
"Entrapment","Expander","150","4","8","9.4","433","645","798"
"CARNIVOROUS","SOUND HOLIC feat. Nana Takahashi","170","2","6","8","223","455","570"
"怪盗BisCoの予告状！！","Qrispy Joybox","200","2","7","9.2","222","482","657"
"KAMAITACHI","DJ TECHNORCH fw. GUHROOVY","165","5","9.7","10.7","428","820","906"
"キミとワタシのオンガク","seiya-murai feat. ALT","160","3","7","8","266","493","667"
"Qubellic Prism","Nazzo-Non-Heat","170","3","7","9.7","328","522","745"
"Glitter Flatter Scatter","Project B-","197","6","9.3","10.7","503","708","890"
"crêpe suzette","kamome sano","202","4","8","10.2","370","604","744"
"檄","Ryu☆ feat.青龍","191","3","8","10.5","212","476","659"
"ケンぱ！ケンぱ！拳拳ぱん打！","ぱんぱんぱん打","200","3","5","8","280","459","628"
"Cosminflation","山本真央樹","195","5","7","10.3","262","413","686"
"CIRCUS U CRIC","Nanako","185","4","7","8","254","485","662"
"Saturday Night Love","Sota feat. Brenda V.","128","2","5","7","196","392","619"
"The Omen","RoughSketch","185","5","8","10.4","340","586","772"
"Just a Game","Y&Co.","160","3","7","9.4","273","542","714"
"スカイダイバー","ヒゲドライバー feat.ヒゲドライVAN","180","3","6","8","215","408","606"
"Sky High","Cuvelia","153","4","10.6","10.6","381","872","798"
"SPACE VILLAGE","サイバー劇レコ","170","3","7","9.4","274","567","751"
"それは花火のような恋","夏色バーニングラブ☆Prim","182","3","7","9.3","232","528","840"
"旅の終わりと祝祭の夜","月船古書堂","148","5","8","10.3","344","632","778"
"CHERNOBOG","漆黒のEBONY","200","5","9.6","10.7","430","761","916"
"Destiny lovers","くにたけみゆき","170","3","6","9.4","165","333","685"
"天嘩乱舞","栗須承之介","184","3","8","10.0","310","656","847"
"トキメキストリーム","Qrispy Joybox","164","4","7","9.6","236","541","669"
"Triple Counter","DJ YOSHITAKA meets dj TAKA","216","6","9.2","10.4","451","800","921"
"NISHIMURA -祭- CARNIVAL","S-C-U x U1 feat. VENUS","158","3","7","8","265","561","646"
"にゃんのパレードマーチ♪","DJ TOTTO feat.にゃん","162","3","6","8","246","496","662"
"New York EVOLVED","NC underground","190","4","9.4","10.5","373","760","848"
"Knell","Project B-","205","4","7","9.5","304","523","712"
"爆なな☆てすとロイヤー","ARM feat.ななひら","200","5","9.1","10.0","322","657","736"
"Hunny Bunny","U1 overground","160","4","7","9.4","337","576","741"
"バビロニアの旅人たち","Babylonian Vates","175","3","6","9.0","342","587","751"
"Hollywood Galaxy","dj TAKA","186","5","8","10.3","347","589","701"
"ぱんだしんけん１、２、３ ～ちえ！おっしょさんにはかなわないや！～","おひさまくらぶ","158","2","5","8","236","417","618"
"びいすと！","ビートまりおとARM","200","4","7","10.0","202","376","736"
"秘密がーる♡乙女","MaMiKa（松下×mitsu×T.kakuta）","180","3","6","8","281","523","703"
"Four Leaves","Endorfin.","181","4","7","8","216","428","623"
"不可説不可説転","OSTER project","140","5","8","9.8","338","522","665"
"FUJIMORI -祭- FESTIVAL","VENUS","158","3","6","9.1","271","469","624"
"BLACK or WHITE?","BlackYooh vs. siromaru","185","4","9.1","10.5","350","745","911"
"Bleep Beep Bop","kors k","175","3","7","10.2","409","545","921"
"FLOOR INFECTION Medley from SOUND VOLTEX×jubeat","United Composers from SOUND VOLTEX","145-195","6","8","10.2","507","720","932"
"Boss Rush","USAO","190","4","7","9.6","386","608","775"
"POLICY BREAK Medley from SOUND VOLTEX×jubeat","United Composers from jubeat","93-311","5","8","10.6","402","706","1074"
"見習い天使と星降りの丘","DJ TOTTO","174","3","8","9.7","264","553","806"
"Mirage of the Mirror","SHAMDEL","122-163","5","8","9.6","326","630","763"
"夢有","Des-ROW・組","145-170","3","6","8","255","505","777"
"Megalara Garuda","SYUNN","180","10.4","10.5","10.7","932","912","914"
"RHYZING BEAT","PHQUASE","187","5","8","10.4","383","643","890"
"Lost wing at.0","猫叉Master+","185","4","8","9.3","255","496","690"
"ロプノールの商隊","Akhuta","186","3","7","9.6","280","514","733"
"分けるな危険！モモモモモモーイズム","ARM×狐夢想 feat. 桃井はるこ","200","4","8","9.6","258","572","710"
"Ausretious#1-まどろみ、或いは嘆色の夢-[2]","EOOZ","168","5","8","10.6","389","534","751"
"アガット[2]","Bazole","200","5","8","10.6","441","762","942"
"アドレナリン","U1 overground","140","4","8","9.8","377","592","661"
"EXUSIA","L.E.D.-G","188","4","8","10.4","357","722","860"
"イ号零型[2]","あさき","170","3","7","9.8","202","363","603"
"If","Pa's Lam System","170","3","7","9.8","203","481","685"
"In The Ruins","good-cool feat. CHiCO","156","5","8","10.2","412","618","767"
"Welcome!!","kors k","180","3","7","9.6","239","589","810"
"Aerial Skydive","Dirty Androids","175","3","7","9.0","319","455","693"
"AI","BEMANI Sound Team ""Sota F.""","190","5","8","10.5","340","691","853"
"Evans ～NOSTALGIA Ver. ～","DJ YOSHITAKA Arranged by まらしぃ","112-182","4","7","9.7","292","582","718"
"Everybody's Rich","REMO-CON","160","5","8","10.6","434","561","809"
"エレシュキガル","Noah","162","3","6","9.6","205","352","705"
"カラルの月[2]","猫叉劇団","135","4","7","9.3","299","472","699"
"変わりゆく時間とノスタルジアと","あずときだしゅんすけ","105-141","2","5","8","214","264","632"
"CandyPop★Showcase","OSTER project","170","4","6","8","283","430","701"
"狂髪天を撫でて綴れ雲の綻び　五体北風に散りて痕も無し","BEMANI Sound Team ""Akhuta Works""","200","4","8","9.8","238","718","811"
"Couleur=Blanche","#FFFFFF","90-185","6","10.3","10.6","548","849","898"
"Xibercannon","隣の庭は青い(庭師+Aoi)","190","5","8","10.0","283","640","807"
"SEED[2]","DJ YOSHITAKA","152","4","8","9.7","273","490","683"
"シノビシノノメ","東雲心菜","174","3","6","9.0","214","506","762"
"Shout!!","Qrispy Joybox feat.mao","175","2","5","8","200","398","659"
"Jazz is Rad","ARM(IOSYS)+Brasscapsule","160","6","9.3","10.5","406","761","874"
"白い雪のプリンセスは[2]","のぼる↑","200","4","6","9.5","251","474","743"
"Singularity","xi","197","4","8","10.5","295","625","958"
"水槽のクジラ","テヅカ feat. 大西あみみ","206","3","7","9.1","141","433","625"
"SUPER SUMMER SALE","BEMANI Sound Team ""U1 overground""","155","5","7","9.4","404","535","781"
"Scars of FAUNA[2]","猫叉Master","165","3","6","10.1","263","563","821"
"STAR SHIP☆HERO","Lucky Vacuum","190","3","6","9.0","324","554","747"
"Spirit of the Beast","ikaruga_nex fw.tcheb","195","5","8","10.6","353","779","996"
"smooooch・∀・[2]","kors k","177","3","8","10.1","318","534","751"
"Diastrophism","かめりあ","228","9.4","9.6","10.3","797","816","1005"
"chaplet[2]","DJ TOTTO","200","4","8","10.3","221","582","752"
"Chocolate Planet","Freezer feat.妃苺","185","4","7","9.8","250","579","800"
"月に叢雲華に風[2]","幽閉サテライト feat. senya","160","3","6","8","189","430","638"
"トキメキメカニクス","ARM × 狐夢想 feat. nomico","175","3","7","10.0","235","470","746"
"虹の先に何があるか","あさき","216","4","7","9.6","283","409","646"
"Necroxis Girl","BEMANI Sound Team ""HuΣeR""","150","4","8","10.6","264","507","717"
"Never See You Again","BEMANI Sound Team ""U1 overground""","160","5","8","10.6","413","707","906"
"Northern Wind","Nhato","150","5","7","10.5","327","567","884"
"No One Can Reach The Truth","BEMANI Sound Team ""TAG""","155","3","6","8","285","423","664"
"Passion","KAN TAKAHIKO","105-120","5","8","9.7","281","573","808"
"羽根亡キ少女唄","純情ディスコード","174","3","6","9.0","213","482","734"
"パピポペピプペパ","P*Light","187","5","9.0","10.5","467","817","961"
"Pee-wee Boogie","ARM","45-180","5","7","9.8","277","567","793"
"PF flowing","dj TAKA","150","4","8","10.2","270","582","819"
"Puberty Dysthymia","BEMANI Sound Team ""person09""","70-210","4","7","10.5","202","520","840"
"Pink Rose[2]","Kiyommy+Seiya","116-146","3","6","9.0","214","374","614"
"Fairy Fair","ぺのれり","157","4","7","9.7","302","561","875"
"Fox4-Raize-","Getty vs. DJ DiA","50-200","3","8","9.9","321","725","897"
"Blue Sky","Sota F.","142","4","8","10.2","320","702","799"
"Prey","BEMANI Sound Team ""Dustup""","210","6","9.2","10.6","382","623","733"
"Prayer","ぺのれり","144","5","8","10.8","447","601","803"
"Pale Garden","Dirty Androids","160","4","7","9.8","247","619","873"
"HEAVENLY MOON[2]","Tatsh","185","5","8","10.2","337","678","806"
"ヘンゼルとグレーテル","RoughSketch ft.Aikapin & Chiyoko","190","4","8","10.3","306","556","759"
"みたらしプラトニック (feat. nicamoq)","Yunomi","160","3","7","9.0","216","482","663"
"Midnight City Warfare","sky_delta","180","6","9.2","10.6","476","788","951"
"ヤマトなでなで♡かぐや姫","ロマンチック♡Prim姫","160","4","7","9.5","263","501","670"
"Life is beautiful","BEMANI Sound Team ""猫叉Master""","155","4","8","10.2","247","616","833"
"Last Dress","はるなば","160","4","9.1","10.7","381","728","891"
"Rampage☆Rag","かめりあ","334","6","8","10.5","447","724","970"
"Rejoin","BEMANI Sound Team ""HuΣeR feat.PON""","135","6","10.1","10.2","556","873","853"
"Roll the Dice","lapix","165","5","9.1","10.6","487","757","1033"
"Wowie Zowie!","Hommarju","128","5","9.8","10.7","349","715","854"
"Wandering Gravity","Nazzo-Non-Heat","170","4","8","10.4","327","704","888"
"One More Reason","GUHROOVY","220","5","8","10.6","373","675","895"
"Icicles[2]","Jimmy Weckl","158","4","7","9.3","211","404","681"
"I'm so Happy[2]","Ryu☆","181","4","7","10.1","243","426","771"
"ATRAX","BEMANI Sound Team ""HuΣeR""","128","2","7","9.6","231","498","644"
"Analyse Katharsis","red glasses","142","4","7","9.6","282","511","740"
"Apex of the World","uma&hurirai feat.ましろ","169","3","6","9.2","229","557","761"
"雨上がりの空に","猫大樹","160","5","9.7","10.5","226","729","836"
"アモ","八月二雪","190","3","5","9.1","162","304","616"
"Arena Deiporta","BEMANI Sound Team ""Akhuta Works""","189","4","7","10.4","277","499","840"
"Our Faith[2]","kors k","175","4","9.2","10.6","278","540","739"
"Our Love","lapix","190","3","6","10.2","236","430","906"
"Underground Astronomy","D.watt (IOSYS)","155","3","6","9.8","207","420","815"
"いーあるふぁんくらぶ[2]","みきとP","145","2","6","8","159","361","501"
"1116","BEMANI Sound Team ""Dustup""","190","7","10.2","10.9","524","818","1116"
"Idola (BEMANI SYMPHONY Arr.)","iconoclasm × 原口 大 + gaQdan","140-176","3","8","9.7","253","509","782"
"インドがパッカーン！！煩悩マハラジャドリーム","ARM × かたほとり ft. 柊木りお","173","3","7","10.3","302","609","854"
"Virtual Bit","KAN TAKAHIKO","152","3","7","10.3","209","571","852"
"VIKING SHIP","BEMANI Sound Team ""劇団レコード""","130","3","7","9.7","254","414","646"
"VALLIS-NERIA[2]","DJ YOSHITAKA","185","5","8","10.4","381","705","896"
"Welcome to the Mosh Pit","lapix","172","5","9.6","10.6","359","737","1020"
"WELCOME TO MOTOWN PARK","OSTER project","165","5","7","9.8","275","497","798"
"ETERNAL BLAZE[2]","(水樹奈々)","105-155","3","6","8","209","372","471"
"X-Plan","Tom-H@ck feat.Nadia","250","2","7","9.0","203","482","810"
"Everlasting Message (BEMANI SYMPHONY Arr.)","ぺのれり × Osamu Kubota + gaQdan","92-214","5","8","10.1","335","606","854"
"EMOTiON TRiPPER","sky_delta","170","3","6","8","241","394","650"
"Element of SPADA (BEMANI SYMPHONY Arr.)","猫叉Master feat.霜月はるか × 大嶋 啓之 + gaQdan","170","4","7","9.1","344","538","767"
"Endless Beats ⇔ Endless Parties","かめりあ","152","2","7","10.3","165","387","708"
"All Clear!!","sky_delta","164","4","8","10.4","249","381","715"
"ALL MY HEART -この恋に、わたしの全てを賭ける-[2]","SUPER HEROINE 彩香-AYAKA-","160","3","7","9.2","235","428","702"
"朧 (BEMANI SYMPHONY Arr.)","HHH×MM×ST × 浦木 裕太 + gaQdan","149","3","6","9.8","234","385","844"
"Catapulted Arch","BEMANI Sound Team ""person09""","184","4","7","10.3","266","505","927"
"[E][2]","dj MAX STEROID","152","4","7","9.7","339","502","782"
"Come to Life","ARM (IOSYS) feat. Nicole Curry","180","3","8","9.8","275","481","815"
"Colorful Cookie (BEMANI SYMPHONY Arr.)","Lucky Vacuum × デビン木下 + gaQdan","168","4","8","9.6","365","620","815"
"眼光[2]","猫大樹","165","2","7","9.1","134","399","592"
"キヤロラ衛星の軌跡","工藤吉三(ベイシスケイプ)","150","4","7","10.4","256","493","875"
"狂水一華","BEMANI Sound Team ""HuΣeR Vs. SYUNN"" feat.いちか","160","3","8","10.2","196","658","883"
"Queen's Paradise[2]","Nanako","157","4","6","9.2","289","448","693"
"Glitter Cube","BEMANI Sound Team ""dj TAKA""","150","3","7","10.2","152","483","814"
"Crazy Shuffle","Yooh","128","4","8","10.5","251","453","727"
"cloche[2]","Qrispy Joybox","182","3","6","8","182","406","529"
"Chronos[2]","TAG","128","5","8","9.7","301","484","734"
"激闘保安官！DEMPA撲滅大作戦","ARM × かたほとり ft. ななひら","142","3","6","9.5","218","356","709"
"Get On The Floor","RoughSketch","150","3","7","10.0","229","464","747"
"恋歌疾風！かるたクイーンいろは","ねこまんまチーム！","120-168","3","7","10.2","273","540","925"
"恋 No リセットゲーム!!!!!","DJ Genki feat. ななひら,yukacco,藍月なくる","190","4","9.1","10.4","305","642","979"
"Ghost Clock","BEMANI Sound Team ""Yvya""","190","5","8","10.5","425","622","885"
"虚空と光明のディスクール[2]","日向美ビタースイーツ♪","140","2","6","8","156","305","538"
"COSMIC SYMPHONY","OSTER project","280","3","7","10.3","267","471","851"
"Sakura Sunrise[2]","Ryu☆","181","5","8","9.5","258","482","636"
"The Kingsroad","RINZO","150","3","7","9.5","166","459","729"
"さよなら世界 (BEMANI SYMPHONY Arr.)","猫叉Master Arranged by ござ","104-120","2","6","9.2","198","401","633"
"サヨナラ・ヘヴン[2]","猫叉Master","111","3","8","10.4","241","566","911"
"サヨナラ・ヘヴン (BEMANI SYMPHONY Arr.)","猫叉Master × Morrigan feat.Lily + gaQdan","111","3","7","9.3","129","408","739"
"幸せが鳴る夜に","PAN","191","4","7","9.7","262","448","662"
"Jetcoaster Windy","BEMANI Sound Team ""dj TAKA"" feat.のの","268","4","7","9.7","367","543","841"
"SigSig[2]","kors k","179","3","7","9.6","283","656","939"
"灼熱Beach Side Bunny","DJ Mass MAD Izm＊","153","6","9.6","10.7","535","846","1606"
"少女、摩天楼へ","BEMANI Sound Team ""U1 overground""","150","3","8","10.3","294","653","793"
"情熱大陸[2]","(葉加瀬太郎)","128","4","8","9.5","193","489","830"
"Super GERO GE-RO","S-C-U","188","5","7","10.6","224","442","767"
"スーパー戦湯ババンバーン","すわひでお,秋成,かぼちゃ,藍月なくる,NU-KOby BEMANI Sound Team ""八戸亀生羅""","188","4","8","10.3","393","610","997"
"Scarlet Moon[2]","REDALiCE feat. Ayumi Nomiya","180","3","7","9.5","246","504","765"
"StaRgAZER","BEMANI Sound Team ""TAG""","144","3","8","10.0","188","392","660"
"starmine (BEMANI SYMPHONY Arr.)","Ryu☆ × デビン木下 + gaQdan","100-164","4","7","9.3","228","446","736"
"Still Lonesome","PSYQUI","168","4","7","9.9","226","333","607"
"Snow Goose[2]","Mutsuhiko Izumi","200","4","7","10.4","247","414","741"
"スノーホワイト","RoughSketch","214","5","7","10.4","276","668","900"
"Sparkle Smilin'","BEMANI Sound Team ""Qrispy Joybox"" feat.いちか","180","3","7","10.3","242","349","811"
"Spica","BEMANI Sound Team ""TATSUYA""","176","3","7","10.2","195","388","787"
"splash!","BEMANI Sound Team ""Trance Liquid""","156","4","7","10.5","223","417","715"
"SPACE INASAKU","BEMANI Sound Team ""サイバー劇レコ""","178","3","7","10.4","233","342","621"
"スペースカーニバル[2]","shooting star","160","4","6","9.1","240","445","641"
"XENOViA","BlackY","208","7","10.2","10.9","576","923","1149"
"zeeros","onoken","146-187","3","6","9.8","181","371","735"
"創世ノート[2]","PON+wac","200","4","8","10.4","260","547","765"
"sola[2]","小野秀幸","135","3","6","10.4","175","342","594"
"Sorrows","Asako Yoshihiro","185","3","6","8","168","414","602"
"Timepiece phase II (BEMANI SYMPHONY Arr.)","佐々木博史 × bermei.inazawa + gaQdan","140","3","8","9.6","152","441","684"
"太陽の滴","CANVAS feat. Quimär","160","3","7","9.7","287","463","823"
"タンポポ","豚乙女","206","3","7","9.8","242","505","718"
"茶渋シンドローム","みゅい","185","2","6","9.0","209","376","650"
"追憶のアラウカリア","Cororo","106","4","7","9.7","451","561","753"
"ツーマンライブ[2]","東雲夏陽 meets 日向美ビタースイーツ♪","174","2","6","8","150","442","562"
"つぼみ[2]","達見 恵 featured by 佐野宏晃","184","3","6","9.1","188","399","603"
"December in Strasbourg","nana(Sevencolors) feat. mana","115","3","7","10.2","194","332","610"
"Din Don Dan","Ryu☆ feat.Mayumi Morinaga","140","3","7","9.1","269","459","751"
"Duality","BEMANI Sound Team ""Yvya""","190","6","9.3","10.8","425","622","943"
"天空の夜明け (BEMANI SYMPHONY Arr.)","Cuvelia × Nagiha + gaQdan","150","3","6","9.1","165","372","578"
"Toy Robot Factory","MARON (IOSYS)","184","4","7","9.8","303","526","854"
"TOON MANIAC","Theme from""TOON MANIA""","160","2","7","9.0","184","457","573"
"True Blue[2]","dj TAKA feat.AiMEE","164","5","8","10.5","221","562","908"
"Dream drip macchiato","BEMANI Sound Team ""TAG""","160","5","7","9.4","251","522","741"
"TRIUMPH","AJURIKA","183","3","8","9.8","226","576","787"
"取り残された美術(Arranged:HiZuMi)[2]","幽閉サテライト feat. senya","160","4","7","9.3","318","499","744"
"嘆きの樹 (BEMANI SYMPHONY Arr.)","金獅子 × Nagiha & Osamu Kubota + gaQdan","61-156","5","8","9.7","354","646","834"
"Neuron","BEMANI Sound Team ""Expander""","174","4","8","10.1","300","513","833"
"Noob実況24時!","ARM × かたほとり ft. ちょこ","178","3","6","9.7","246","394","749"
"ネリと琥珀糖","sasakure.UK","170","4","8","10.3","225","666","885"
"No Rule Adventure","nora2r","190","4","7","10.3","332","497","841"
"Hades Doll","BEMANI Sound Team ""Power Of Nature""","185","4","8","10.6","335","590","909"
"Pacify","BEMANI Sound Team ""SYUNN""","175","4","8","10.1","282","553","791"
"バッドエンド・シンドローム (BEMANI SYMPHONY Arr.)","アリスシャッハと魔法の楽団 × onoken + gaQdan","125","2","7","9.3","119","452","638"
"BEEF","BEMANI Sound Team ""牛""","175","1","7","10.5","85","494","929"
"ピザが食べたくてしょうがない皆さんの気持ちを代弁しました","コバヤシユウヤ(IOSYS) feat. miko","160","3","7","10.4","216","404","880"
"Beyond the BLUE","Asato × sak × 田島千種","132","2","6","10.4","189","461","791"
"Fireball","BEMANI Sound Team ""Bumble Bee""","180","4","8","10.2","327","429","859"
"Phantasmagoria","Maozon","150","3","6","9.3","189","550","773"
"封隠文様","駄々子","175","4","7","9.3","260","419","685"
"FLOWER (BEMANI SYMPHONY Arr.)","DJ YOSHITAKA × onoken + gaQdan","158","5","9.1","10.5","429","725","910"
"Proof of the existence[2]","猫叉Master+","170","5","8","10.5","387","651","796"
"Brawl","東京アクティブNEETs","145","4","6","9.6","234","472","786"
"Floating Eternity","BEMANI Sound Team ""Philosophy""","180","3","6","10.2","152","444","874"
"Pegasus","BEMANI Sound Team ""Expander""","165","4","7","10.1","355","505","845"
"pedigree","BEMANI Sound Team ""S-C-U""","190","6","9.6","10.7","427","749","878"
"Hopeful Frontier!!!","cosMo＠暴走P","298","7","9.5","10.7","535","786","1047"
"僕らの時間","テヅカ feat. 大西あみみ","214","3","8","10.0","177","605","787"
"星の小舟","BEMANI Sound Team ""猫叉劇団""","173","3","6","9.7","168","368","624"
"POSSESSION","TAG underground","185","5","9.7","10.6","488","790","904"
"POSSESSION (BEMANI SYMPHONY Arr.)","TAG underground × 中村 康隆 + gaQdan","180","6","8","10.2","406","632","841"
"HOT LIMIT[2]","(HIGH and MIGHTY COLOR)","139","3","6","8","170","385","547"
"Polaris[2]","Mutsuhiko Izumi","180","4","6","9.0","204","346","558"
"MA・TSU・RI","かなたん,アマギセーラ,ぁゅby BEMANI Sound Team ""藤森崇多""","160","3","6","9.0","276","409","669"
"Midsummer Madness","Hommarju","200","3","6","10.1","202","346","822"
"MOVE! (We Keep It Movin')","Jonny Dynamite!,Lisa - paint with stars -,Rio Hiiragiby BEMANI Sound Team ""U1-ASAMi""","142","2","6","9.6","187","433","818"
"斑咲花","mami,駄々子by BEMANI Sound Team ""Akhuta Works""","134-201","4","6","9.3","295","424","848"
"廻る季節のゆく先に","中島由貴","102","2","7","8","133","511","662"
"MODEL FT2 Miracle Version","Mutsuhiko Izumi","155","6","9.5","9.5","412","704","588"
"unisonote[2]","onoken","168","2","6","9.7","226","559","807"
"ゆめのかなたで","かめりあ","217","4","7","10.6","343","621","1008"
"ユメブキ","紫崎 雪,Risa Yuzuki,709sec.by BEMANI Sound Team ""PHQUASE & SYUNN""","200","3","7","10.2","270","522","805"
"LIKE A VAMPIRE","koyomi,星野奏子by BEMANI Sound Team ""TAKA""","276","3","7","9.2","139","508","732"
"Light Shine","Ryu☆","140","3","6","9.5","198","447","760"
"Right Time Right Way","KAN TAKAHIKO","174","5","7","9.8","299","424","656"
"Life Without You","BEMANI Sound Team ""Sota Fujimori""","150","4","7","10.1","248","405","766"
"Life Connection[2]","world sequence","200","4","7","9.6","182","369","632"
"Lachryma《Re:Queen’M》 (BEMANI SYMPHONY Arr.)","かねこちはる × Morrigan + gaQdan","200","6","8","10.3","432","717","1079"
"LAST OATH","BEMANI Sound Team ""劇団レコード""","160","3","6","10.6","203","408","808"
"LANA - キロクノカケラ -[2]","TOMOSUKE×Jazzin'park","84-168","2","5","7","91","322","485"
"Lava Flow","BEMANI Sound Team ""S-C-U & SYUNN""","190","3","7","10.1","196","375","637"
"Lava Flow[2]","BEMANI Sound Team ""S-C-U & SYUNN""","190","3","7","10.2","241","383","683"
"ラブキラ☆スプラッシュ","BEMANI Sound Team ""Sota F."" feat.いちか","152","4","8","10.2","333","590","833"
"ラプンツェル","RoughSketch","195","3","8","10.2","248","406","856"
"ランカーキラーガール","中島由貴 × いちか","200","4","7","10.4","277","535","965"
"Lisa-RICCIA (BEMANI SYMPHONY Arr.)","DJ YOSHITAKA × onoken + gaQdan","178","5","8","10.2","391","714","839"
"流砂の嵐 (BEMANI SYMPHONY Arr.)","劇団レコード Arranged by ござ","142","3","7","9.2","277","491","761"
"リリーゼと炎龍レーヴァテイン","黒猫ダンジョン","200","5","9.5","10.6","364","753","903"
"RAISE YOUR HEADS UP","GUHROOVY","230","7","9.7","10.9","499","647","1000"
"Radius","BEMANI Sound Team ""Sota F.""","150","4","7","9.7","229","535","786"
"ロストワンの号哭[2]","Neru","162","4","8","9.5","372","672","984"
"ROCK ju","C-Show","175","4","7","10.6","318","689","1000"
"ロミとロボの宇宙飛行","onoken","172","4","7","9.7","204","546","794"
"Wuv U","kors k","173","4","7","10.0","212","424","631"
"海神 (BEMANI SYMPHONY Arr.)","兎々 Arranged by ござ","160","2","7","10.0","138","511","799"
"鋳鉄の檻","小寺可南子,ランコ,SARAHby BEMANI Sound Team ""Yvya""","200","4","7","9.2","335","556","830"
"Catch Me","DJ Yoshitaka feat. ERi","115","2","6","9.0","138","418","561"
"Globe Glitter","Sana,ATSUMI UEDAby BEMANI Sound Team ""PON""","190","5","8","10.4","370","542","1017"
"Juicy","kors k Lovers DJ Yoshitaka","125","3","5","8","171","301","521"
"世界の果てに約束の凱歌を -jubeat edition-","かめりあ","201","4","9.2","10.6","512","816","1019"
"Chippin Break","あるふぁ","190","4","8","9.3","340","637","807"
"チュッチュ♪マチュピチュ","ななひら,Nana Takahashi,猫体質by BEMANI Sound Team ""劇ダンサーレコード""","130","3","7","9.8","272","463","882"
"DUAL STRIKER","Mayumi Morinaga,Fernwehby BEMANI Sound Team ""L.E.D. & HuΣeR""","185","4","7","10.4","324","525","913"
"ピアノ独奏無言歌 ”灰燼”","BEMANI Sound Team ""Virkato Wakhmaninov""","100-200","5","8","10.7","408","659","1109"
"Hero Revealed","Yooh","170","6","8","10.6","408","541","923"
"Boomy and The Boost","Eagle","174","4","8","10.7","387","714","1060"
"Metsysralos","庭師","190","5","8","10.3","289","508","766"
"Laughin' Muffin","Gowrock","182","3","7","10.2","342","529","884"
"リカーシブ・ファンクション","OSTER Project","145","4","7","9.5","233","377","610"
"海神","兎々","159","5","8","10.4","329","643","872"
"title","artist","bpm","bsc_level","adv_level","ext_level","bsc_note","adv_note","ext_note"
"Awakening Wings","伊達朱里紗","190","4","6","8","175","354","574"
"AMBERGRIS","かめりあ","160","4","7","9.7","258","475","871"
"一途(映画『劇場版 呪術廻戦 0』主題歌)","(King Gnu)","160","3","7","9.0","251","507","812"
"エジソン","水曜日のカンパネラ","130","1","5","9.0","145","345","812"
"エンヴィーベイビー","Kanaria","171","3","6","8","210","472","691"
"神っぽいな","ピノキオピー","142","3","6","8","153","337","520"
"銀の旋律-Silver melodia-","ちょこふぁん","175","3","6","9.5","253","391","812"
"テレキャスタービーボーイ","すりぃ","182","2","5","9.1","182","438","691"
"DENPA NEVER DIE","かめりあ feat. ななひら","162","3","6","9.8","242","472","798"
"東京テディベア","Neru","204","2","6","8","136","358","536"
"Drenched in Air","Camellia ft. Ninomae Ina'nis","189","1","6","10.3","98","387","803"
"New World","FELT","195","3","6","8","251","320","653"
"ネトゲ廃人シュプレヒコール","さつき が てんこもり","176","2","6","8","164","398","633"
"ハウリング","Liz Triangle","184","3","6","8","228","361","704"
"ヒトガタ","HIMEHINA","150","3","7","9.2","248","429","715"
"Pure Rude","kors k","175","3","7","9.4","258","503","924"
"ミックスナッツ(TVアニメ『SPY×FAMILY』オープニング主題歌)","(Official髭男dism)","150","1","4","9.0","169","295","734"
"ラグトレイン","稲葉曇","147","3","5","8","193","344","540"
"おにけもだんす","いろはにほへっと あやふぶみ（白上フブキ、百鬼あやめ、大神ミオ）","197","3","5","8","204","398","652"
"KINGWORLD","白上フブキ","240","6","8","9.8","449","776","960"
"進め↑BAKATARATION","バカタレ共","148","2","4","8","232","382","813"
"Say!ファンファーレ!","白上フブキ","170","2","5","9.3","182","376","777"
"Happiness World","BABACORN(宝鐘マリン/白上フブキ)","150","3","5","7","240","399","612"
"わくわくエブリデイ","白上フブキ・大神ミオ","120","2","4","6","124","228","452"
"Explore Every Ave.","BEMANI Sound Team ""SYUNN""","135","3","6","9.4","174","398","702"
"Flying Soda","猫叉Master feat.林ももこ","106","2","6","8","212","317","542"
"Victory of the Century","BEMANI Sound Team ""TAG""","180","5","8","10.4","395","581","979"
"Reincarnation Of Dead Petal","BEMANI Sound Team ""Akhuta Works""","198","3","7","10.4","324","519","913"
"ZIGZAG COWBOY","BEMANI Sound Team ""劇団レコード""","128-140","3","7","9.8","311","414","778"
"Mr.REAPER","ekaΩ feat.ロクナナハチ","196","4","8","9.1","295","539","765"
"Cranberry","BEMANI Sound Team ""肥塚良彦""","180","5","7","9.7","301","520","816"
"Liar×Girl","BEMANI Sound Team ""HuΣeR"" feat.ゆきまめ","164","3","7","10.3","285","520","749"
"Elysion ex machina","OSTER project","150","5","7","10.3","392","549","900"
"†渚のリベンジΣ脈あり!?バケェ～ション†","とろピカるサマー☆Prim","190","4","7","10.3","375","601","906"
"Time Lapse","Hommarju","160","5","7","10.4","414","658","885"
"brown hawk owl","BEMANI Sound Team ""S-C-U""","190","4","7","10.5","295","442","891"
"Lost Dream","Tatsunoshin","180","7","9.6","10.7","654","827","1045"
"Crackpot Evangelist","BEMANI Sound Team ""ZAQUVA""","200","7","10.5","10.9","771","1039","1252"
"和beat","Flash back Dominant","150","4","8","10.4","313","471","752"
"見えない星の渡り方","Capchii feat. ことの","178","3","7","9.7","283","466","811"
"Anubis","ARForest","165","5","8","10.5","335","478","791"
"怪獣大戦争","BEMANI Sound Team ""桃山珍太郎""","140","3","7","9.6","232","428","760"
"Fly Above","Sota Fujimori","150","3","6","9.3","307","491","824"
"Chewingood!!!","TORIENA","190","4","7","9.0","363","555","802"
"Virus Funk","Nhato","132","3","6","9.2","225","377","660"
"Slipstream","lapix","175","5","9.6","10.3","512","746","981"
"satfinal","RAM","180","3","7","9.2","281","467","668"
"Don't believe the hype","DJ Mass Mad Izm* feat.H14(LEONAIR)","210","4","8","10.3","470","643","959"
"Go Beyond!!","Ryu☆ Vs. Sota","200","5","9.0","10.4","400","541","774"
"DIAMOND CROSSING","S-C-U vs L.E.D.","180","6","10.4","10.6","380","773","886"
"After Rain","PIKASONIC","175","7","9.0","10.4","440","699","1032"
"manticore","BEMANI Sound Team ""Amber""","200","4","7","10.5","303","547","938"
"シープドリーミン","テヅカ feat. 大西あみみ","220","4","7","9.0","277","508","751"
"€omet popcorn","pan","244","5","8","10.2","298","586","909"
"archive::zip","kamome sano","185","5","7","10.2","465","517","922"
"I","黒魔","225","7","9.5","10.8","623","846","1111"
"Love 2 Shuffle","BEMANI Sound Team ""Sota F."" feat. Starbitz","133","3","7","9.5","292","547","842"
"MONOLITH","TOMOSUKE","170-205","2","6","10.3","194","548","793"
"Dance With The Dead","BEMANI Sound Team ""SYUNN""","150","5","8","10.6","305","484","704"
"Metamorphic","BEMANI Sound Team ""Sota Fujimori""","200","5","8","10.3","338","619","862"
"VOLAQUAS","BEMANI Sound Team ""DJ TOTTO VS 兎々""","212","7","9.7","10.6","644","839","1055"
"Daily Lunch Special[2]","Lucky Vacuum","205","5","7","10.4","303","493","943"
